_id,CH_SYMBOL,CH_SERIES,CH_MARKET_TYPE,CH_TRADE_HIGH_PRICE,CH_TRADE_LOW_PRICE,CH_OPENING_PRICE,CH_CLOSING_PRICE,CH_LAST_TRADED_PRICE,CH_PREVIOUS_CLS_PRICE,CH_TOT_TRADED_QTY,CH_TOT_TRADED_VAL,CH_52WEEK_HIGH_PRICE,CH_52WEEK_LOW_PRICE,CH_TOTAL_TRADES,CH_ISIN,CH_TIMESTAMP,TIMESTAMP,createdAt,updatedAt,__v,VWAP,mTIMESTAMP
5f43abe6517338000877a591,IRCTC,EQ,N,1350,1335.3,1342,1338.1,1338.45,1341.8,349571,468784435.9,1994,625,30704,INE335Y01012,2020-08-24,2020-08-23T18:30:00.000Z,2020-08-24T12:00:38.757Z,2020-08-24T12:00:38.757Z,0,1341.03,24-Aug-2020
5f3fb78327c1bc00089039ac,IRCTC,EQ,N,1358.9,1335.5,1350.1,1341.8,1342,1347.05,427626,577239101,1994,625,21742,INE335Y01012,2020-08-21,2020-08-20T18:30:00.000Z,2020-08-21T12:01:07.061Z,2020-08-21T12:01:07.061Z,0,1349.87,21-Aug-2020
5f3e65e1d840aa0008bc8456,IRCTC,EQ,N,1357.45,1332.25,1345,1347.05,1347.55,1361.8,610627,823181181.75,1994,625,34619,INE335Y01012,2020-08-20,2020-08-19T18:30:00.000Z,2020-08-20T12:00:33.577Z,2020-08-20T12:00:33.577Z,0,1348.09,20-Aug-2020
5f3d146617a2ec00084dc98e,IRCTC,EQ,N,1402,1338,1386,1361.8,1354.95,1377.65,1279857,1750639599.55,1994,625,58718,INE335Y01012,2020-08-19,2020-08-18T18:30:00.000Z,2020-08-19T12:00:38.649Z,2020-08-19T12:00:38.649Z,0,1367.84,19-Aug-2020
5f3bc2e7d70352000883041b,IRCTC,EQ,N,1389.9,1375,1380,1377.65,1378,1383.55,342010,472279700.55,1994,625,17845,INE335Y01012,2020-08-18,2020-08-17T18:30:00.000Z,2020-08-18T12:00:39.562Z,2020-08-18T12:00:39.562Z,0,1380.89,18-Aug-2020
5f3a718211c69a0008728226,IRCTC,EQ,N,1403.6,1360.3,1378,1383.55,1383.7,1368.6,870687,1202686998.4,1994,625,37604,INE335Y01012,2020-08-17,2020-08-16T18:30:00.000Z,2020-08-17T12:01:06.817Z,2020-08-17T12:01:06.817Z,0,1381.31,17-Aug-2020
5f367d013c2b740008c73c1b,IRCTC,EQ,N,1409.5,1350.05,1385.05,1368.6,1369.35,1384.1,986495,1368577600.8,1994,625,46541,INE335Y01012,2020-08-14,2020-08-13T18:30:00.000Z,2020-08-14T12:01:05.627Z,2020-08-14T12:01:05.627Z,0,1387.31,14-Aug-2020
5f352b6873d8800008a0809d,IRCTC,EQ,N,1411.9,1375.1,1398,1384.1,1386.4,1386.8,688942,962082855.95,1994,625,32981,INE335Y01012,2020-08-13,2020-08-12T18:30:00.000Z,2020-08-13T12:00:40.417Z,2020-08-13T12:00:40.417Z,0,1396.46,13-Aug-2020
5f33d9e5721ed80008e258fe,IRCTC,EQ,N,1414,1350,1350,1386.8,1385,1372.05,1764191,2457883335.15,1994,625,84243,INE335Y01012,2020-08-12,2020-08-11T18:30:00.000Z,2020-08-12T12:00:37.470Z,2020-08-12T12:00:37.470Z,0,1393.21,12-Aug-2020
5f32885fc4ae000008d86675,IRCTC,EQ,N,1384.3,1315.05,1324,1372.05,1375,1323.75,1109433,1508123786.2,1994,625,50729,INE335Y01012,2020-08-11,2020-08-10T18:30:00.000Z,2020-08-11T12:00:31.567Z,2020-08-11T12:00:31.567Z,0,1359.36,11-Aug-2020
5f313701c4ae000008d85813,IRCTC,EQ,N,1337,1320.45,1332,1323.75,1323,1331.35,307775,408009639.05,1994,625,21668,INE335Y01012,2020-08-10,2020-08-09T18:30:00.000Z,2020-08-10T12:01:05.969Z,2020-08-10T12:01:05.969Z,0,1325.68,10-Aug-2020
5f2d42668d49840008eec984,IRCTC,EQ,N,1339,1330,1335,1331.35,1331.15,1334.55,270307,360579633.7,1994,625,18159,INE335Y01012,2020-08-07,2020-08-06T18:30:00.000Z,2020-08-07T12:00:38.360Z,2020-08-07T12:00:38.360Z,0,1333.96,07-Aug-2020
5f2bf0e350193900082d5729,IRCTC,EQ,N,1347.05,1330.2,1337.5,1334.55,1334.9,1336.95,300335,401684544.35,1994,625,17121,INE335Y01012,2020-08-06,2020-08-05T18:30:00.000Z,2020-08-06T12:00:35.581Z,2020-08-06T12:00:35.581Z,0,1337.45,06-Aug-2020
5f2a9f82151477000842a0b3,IRCTC,EQ,N,1347,1335,1345,1336.95,1337.55,1339.8,221229,296614058.45,1994,625,13966,INE335Y01012,2020-08-05,2020-08-04T18:30:00.000Z,2020-08-05T12:01:06.154Z,2020-08-05T12:01:06.154Z,0,1340.76,05-Aug-2020
5f294e01151477000842972e,IRCTC,EQ,N,1347.9,1335.2,1336,1339.8,1339.95,1339.7,226477,303641952.1,1994,625,14791,INE335Y01012,2020-08-04,2020-08-03T18:30:00.000Z,2020-08-04T12:01:05.739Z,2020-08-04T12:01:05.739Z,0,1340.72,04-Aug-2020
5f27fc825b1a0f000868a7b2,IRCTC,EQ,N,1362,1334.2,1337,1339.7,1339.4,1335.85,293417,395072189.55,1994,625,16380,INE335Y01012,2020-08-03,2020-08-02T18:30:00.000Z,2020-08-03T12:01:06.037Z,2020-08-03T12:01:06.037Z,0,1346.45,03-Aug-2020
5f2408036648970008dbaac4,IRCTC,EQ,N,1346.7,1332.15,1345.8,1335.85,1337.95,1340.7,214884,287384353.2,1994,625,15227,INE335Y01012,2020-07-31,2020-07-30T18:30:00.000Z,2020-07-31T12:01:08.103Z,2020-07-31T12:01:08.103Z,0,1337.39,31-Jul-2020
5f22fc492789e000088005cd,IRCTC,EQ,N,1359.95,1340,1351,1340.7,1340.8,1352.75,261621,352249013.45,1994,625,18687,INE335Y01012,2020-07-30,2020-07-29T18:30:00.000Z,2020-07-30T16:58:49.813Z,2020-07-30T16:58:49.813Z,0,1346.41,30-Jul-2020
5f21658b071d1500088a0ecc,IRCTC,EQ,N,1369,1343.05,1345,1352.75,1351.8,1345.55,385496,522588698.4,1994,625,21592,INE335Y01012,2020-07-29,2020-07-28T18:30:00.000Z,2020-07-29T12:03:27.020Z,2020-07-29T12:03:27.020Z,0,1355.63,29-Jul-2020
5f214b2602e98e0008a39062,IRCTC,EQ,N,1354,1340,1345,1345.55,1345.95,1344.85,256364,345087618.65,1994,625,16084,INE335Y01012,2020-07-28,2020-07-27T18:30:00.000Z,2020-07-29T10:10:46.678Z,2020-07-29T10:10:46.678Z,0,1346.08,28-Jul-2020
5f1ec248ca27d10008e63ec9,IRCTC,EQ,N,1361.05,1342.05,1358,1344.85,1344.8,1357.85,320916,432369211.3,1994,625,22045,INE335Y01012,2020-07-27,2020-07-26T18:30:00.000Z,2020-07-27T12:02:16.282Z,2020-07-27T12:02:16.282Z,0,1347.3,27-Jul-2020
5f1b182fdd82bb00086f5ed4,IRCTC,EQ,N,1372,1356,1365.1,1357.85,1358,1371.5,376199,512219735.1,1994,625,24094,INE335Y01012,2020-07-24,2020-07-23T18:30:00.000Z,2020-07-24T17:19:43.718Z,2020-07-24T17:19:43.718Z,0,1361.57,24-Jul-2020
5f1b186e8a46ea0008de2e64,IRCTC,EQ,N,1386,1365.05,1373.1,1371.5,1372.05,1372.95,419217,576779304.7,1994,625,21192,INE335Y01012,2020-07-23,2020-07-22T18:30:00.000Z,2020-07-24T17:20:46.078Z,2020-07-24T17:20:46.078Z,0,1375.85,23-Jul-2020
5f182b9bfc4c460008412d46,IRCTC,EQ,N,1398.7,1370,1395,1372.95,1373.5,1390.2,458144,631952640.1,1994,625,29724,INE335Y01012,2020-07-22,2020-07-21T18:30:00.000Z,2020-07-22T12:05:47.889Z,2020-07-22T12:05:47.889Z,0,1379.38,22-Jul-2020
5f16d902efc9fc0008af7ed1,IRCTC,EQ,N,1412.2,1376.45,1381.5,1390.2,1393.9,1376.45,1155149,1611098076.6,1994,625,52472,INE335Y01012,2020-07-21,2020-07-20T18:30:00.000Z,2020-07-21T12:01:06.469Z,2020-07-21T12:01:06.469Z,0,1394.71,21-Jul-2020
5f15d5f66317fd00080d802b,IRCTC,EQ,N,1389,1371,1380,1376.45,1375.7,1370.95,505497,696370440.1,1994,625,27738,INE335Y01012,2020-07-20,2020-07-19T18:30:00.000Z,2020-07-20T17:35:50.192Z,2020-07-20T17:35:50.192Z,0,1377.6,20-Jul-2020
5f119302cef9350008a529b5,IRCTC,EQ,N,1400,1366.7,1374,1370.95,1372.35,1364.2,807945,1115450176.4,1994,625,43902,INE335Y01012,2020-07-17,2020-07-16T18:30:00.000Z,2020-07-17T12:01:06.781Z,2020-07-17T12:01:06.781Z,0,1380.6,17-Jul-2020
5f1098784fc18a00089d1829,IRCTC,EQ,N,1379,1335,1355,1364.2,1362.7,1351.95,528436,714300891.15,1994,625,32856,INE335Y01012,2020-07-16,2020-07-15T18:30:00.000Z,2020-07-16T18:12:08.894Z,2020-07-16T18:12:08.894Z,0,1351.73,16-Jul-2020
5f111cafcc94cd0009f49336,IRCTC,EQ,N,1379,1350,1365.15,1351.95,1355,1362.15,554120,754717002.45,1994,625,38163,INE335Y01012,2020-07-15,2020-07-14T18:30:00.000Z,2020-07-17T03:36:15.085Z,2020-07-17T03:36:15.085Z,0,1362.01,15-Jul-2020
5f0debec4826170008aa2189,IRCTC,EQ,N,1387,1355.55,1387,1362.15,1363.95,1397.35,755567,1035536183.3,1994,625,49544,INE335Y01012,2020-07-14,2020-07-13T18:30:00.000Z,2020-07-14T17:31:24.313Z,2020-07-14T17:31:24.313Z,0,1370.54,14-Jul-2020
5f0c4d3d78363500084cb390,IRCTC,EQ,N,1444,1386.35,1444,1397.35,1393.95,1400.95,1325294,1873159966.7,1994,625,57636,INE335Y01012,2020-07-13,2020-07-12T18:30:00.000Z,2020-07-13T12:02:05.130Z,2020-07-13T12:02:05.130Z,0,1413.39,13-Jul-2020
5f111d3cda8bb90009dbde8a,IRCTC,EQ,N,1444,1360,1375,1400.95,1399.45,1385.05,1832270,2574787300.35,1994,625,84668,INE335Y01012,2020-07-10,2020-07-09T18:30:00.000Z,2020-07-17T03:38:37.058Z,2020-07-17T03:38:37.058Z,0,1405.24,10-Jul-2020
5f111b926a98190008dff83c,IRCTC,EQ,N,1400,1381.15,1396,1385.05,1386,1390.1,352999,490088139.85,1994,625,19251,INE335Y01012,2020-07-09,2020-07-08T18:30:00.000Z,2020-07-17T03:31:30.400Z,2020-07-17T03:31:30.400Z,0,1388.36,09-Jul-2020
5f05b58269b2c10008239446,IRCTC,EQ,N,1413.35,1384.6,1397,1390.1,1390,1397.4,472306,660802078.35,1994,625,26258,INE335Y01012,2020-07-08,2020-07-07T18:30:00.000Z,2020-07-08T12:01:06.199Z,2020-07-08T12:01:06.199Z,0,1399.1,08-Jul-2020
5f0463e69c0f4b0008141289,IRCTC,EQ,N,1411,1390.05,1410,1397.4,1399,1400.75,480214,672065934.1,1994,625,27235,INE335Y01012,2020-07-07,2020-07-06T18:30:00.000Z,2020-07-07T12:00:38.238Z,2020-07-07T12:00:38.238Z,0,1399.51,07-Jul-2020
5f111c07da8bb90009dbd5cc,IRCTC,EQ,N,1415.5,1394,1405.5,1400.75,1400,1405.1,614933,863152539.8,1994,625,33812,INE335Y01012,2020-07-06,2020-07-05T18:30:00.000Z,2020-07-17T03:33:27.941Z,2020-07-17T03:33:27.941Z,0,1403.65,06-Jul-2020
5eff1e0359d2de000814fceb,IRCTC,EQ,N,1425,1398,1415,1405.1,1405,1412.35,599488,844102324.6,1994,625,34447,INE335Y01012,2020-07-03,2020-07-02T18:30:00.000Z,2020-07-03T12:01:07.432Z,2020-07-03T12:01:07.432Z,0,1408.04,03-Jul-2020
5efdcc817869e50009733cbf,IRCTC,EQ,N,1467.8,1395.3,1440,1412.35,1410.3,1363.05,2158418,3070963895.8,1994,625,108056,INE335Y01012,2020-07-02,2020-07-01T18:30:00.000Z,2020-07-02T12:01:05.874Z,2020-07-02T12:01:05.874Z,0,1422.78,02-Jul-2020
5efcc96d0b8f47000850e654,IRCTC,EQ,N,1377,1356,1363.65,1363.05,1362.6,1358.65,382997,522620041.85,1994,625,22027,INE335Y01012,2020-07-01,2020-06-30T18:30:00.000Z,2020-07-01T17:35:41.154Z,2020-07-01T17:35:41.154Z,0,1364.55,01-Jul-2020
5efb295e90889500081393b2,IRCTC,EQ,N,1384.95,1356.1,1370,1358.65,1361,1355.85,548385,750991740.3,1994,625,30797,INE335Y01012,2020-06-30,2020-06-29T18:30:00.000Z,2020-06-30T12:00:30.611Z,2020-06-30T12:00:30.611Z,0,1369.46,30-Jun-2020
5efa2266d683380008b44176,IRCTC,EQ,N,1370,1350.05,1370,1355.85,1355.95,1382.25,716802,972101114.4,1994,625,45239,INE335Y01012,2020-06-29,2020-06-28T18:30:00.000Z,2020-06-29T17:18:30.849Z,2020-06-29T17:18:30.849Z,0,1356.16,29-Jun-2020
5ef5e381c1a70000082b96dc,IRCTC,EQ,N,1404,1340,1349,1382.25,1385,1412.35,1727846,2381075909.6,1994,625,93535,INE335Y01012,2020-06-26,2020-06-25T18:30:00.000Z,2020-06-26T12:01:05.295Z,2020-06-26T12:01:05.295Z,0,1378.06,26-Jun-2020
5f111b62048982000805ac84,IRCTC,EQ,N,1429.95,1392,1410,1412.35,1411.6,1421,689248,973603890.45,1994,625,50293,INE335Y01012,2020-06-25,2020-06-24T18:30:00.000Z,2020-07-17T03:30:42.253Z,2020-07-17T03:30:42.253Z,0,1412.56,25-Jun-2020
5f111b329efdea00086cc204,IRCTC,EQ,N,1479,1417.3,1461.95,1421,1425,1450.8,1125681,1626891654.7,1994,625,58396,INE335Y01012,2020-06-24,2020-06-23T18:30:00.000Z,2020-07-17T03:29:54.169Z,2020-07-17T03:29:54.169Z,0,1445.25,24-Jun-2020
5ef1ef578d7230000817fd77,IRCTC,EQ,N,1497.5,1418,1426,1450.8,1454.95,1416.4,2551183,3733007067,1994,625,100653,INE335Y01012,2020-06-23,2020-06-22T18:30:00.000Z,2020-06-23T12:02:34.775Z,2020-06-23T12:02:34.775Z,0,1463.25,23-Jun-2020
5ef243b45ff88f00087d7f73,IRCTC,EQ,N,1442,1412.1,1430,1416.4,1418,1423.95,769590,1094731443.85,1994,625,45057,INE335Y01012,2020-06-22,2020-06-21T18:30:00.000Z,2020-06-23T18:02:28.650Z,2020-06-23T18:02:28.650Z,0,1422.49,22-Jun-2020
5eeca91eca24150008292f6a,IRCTC,EQ,N,1446,1415,1420,1423.95,1426.95,1409.6,1500063,2142340704.2,1994,625,51315,INE335Y01012,2020-06-19,2020-06-18T18:30:00.000Z,2020-06-19T12:01:34.950Z,2020-06-19T12:01:34.950Z,0,1428.17,19-Jun-2020
5eeb7f50c126050008ec9554,IRCTC,EQ,N,1427.7,1391.35,1400,1409.6,1410,1395.1,649132,914288347.45,1994,625,30781,INE335Y01012,2020-06-18,2020-06-17T18:30:00.000Z,2020-06-18T14:50:56.258Z,2020-06-18T14:50:56.258Z,0,1408.48,18-Jun-2020
5eea05f446247b00083068ed,IRCTC,EQ,N,1417.8,1386.05,1390,1395.1,1392.95,1411.05,510679,715666815.4,1994,625,30683,INE335Y01012,2020-06-17,2020-06-16T18:30:00.000Z,2020-06-17T12:00:53.027Z,2020-06-17T12:00:53.027Z,0,1401.4,17-Jun-2020
5ee8b4a46ad8fa00085c221d,IRCTC,EQ,N,1452.75,1380.8,1445,1411.05,1408.6,1423.25,891268,1262558248.3,1994,625,51169,INE335Y01012,2020-06-16,2020-06-15T18:30:00.000Z,2020-06-16T12:01:41.011Z,2020-06-16T12:01:41.011Z,0,1416.59,16-Jun-2020
5ee7695ffdc386000899b052,IRCTC,EQ,N,1449,1410.65,1425,1423.25,1422,1425.25,733722,1048544105.9,1994,625,43102,INE335Y01012,2020-06-15,2020-06-14T18:30:00.000Z,2020-06-15T12:28:15.667Z,2020-06-15T12:28:15.667Z,0,1429.08,15-Jun-2020
5ee36f64f0beca000932c31d,IRCTC,EQ,N,1444,1341,1341,1425.25,1425,1433.35,1540126,2162048863.55,1994,625,107954,INE335Y01012,2020-06-12,2020-06-11T18:30:00.000Z,2020-06-12T12:04:52.281Z,2020-06-12T12:04:52.281Z,0,1403.81,12-Jun-2020
5ef2444ec4ea2e0008a75142,IRCTC,EQ,N,1477.95,1425.55,1454.5,1433.35,1433,1454.55,859510,1246203936.6,1994,625,47756,INE335Y01012,2020-06-11,2020-06-10T18:30:00.000Z,2020-06-23T18:05:02.479Z,2020-06-23T18:05:02.479Z,0,1449.9,11-Jun-2020
5ef24478f328a00008db0da1,IRCTC,EQ,N,1506.85,1437,1496,1454.55,1457,1493.4,1120128,1640781499.9,1994,625,69734,INE335Y01012,2020-06-10,2020-06-09T18:30:00.000Z,2020-06-23T18:05:44.142Z,2020-06-23T18:05:44.142Z,0,1464.82,10-Jun-2020
5ef243e2ba3ac100096f1a5d,IRCTC,EQ,N,1570,1472,1546,1493.4,1493,1532.15,1600239,2424129451.3,1994,625,90711,INE335Y01012,2020-06-09,2020-06-08T18:30:00.000Z,2020-06-23T18:03:14.288Z,2020-06-23T18:03:14.288Z,0,1514.85,09-Jun-2020
5ef243cdb998c10008afcc7e,IRCTC,EQ,N,1595,1458.85,1470,1532.15,1533,1456.2,4335458,6633825318.1,1994,625,208323,INE335Y01012,2020-06-08,2020-06-07T18:30:00.000Z,2020-06-23T18:02:53.332Z,2020-06-23T18:02:53.332Z,0,1530.13,08-Jun-2020
5eda340144f13100088b5b69,IRCTC,EQ,N,1487.5,1436,1458.9,1456.2,1455,1431.45,2726540,3991917023.25,1994,625,115778,INE335Y01012,2020-06-05,2020-06-04T18:30:00.000Z,2020-06-05T12:01:05.558Z,2020-06-05T12:01:05.558Z,0,1464.1,05-Jun-2020
5ed8e2654439fd0008512bbe,IRCTC,EQ,N,1439.9,1381.6,1397.5,1431.45,1435,1392.55,1851685,2630233279.85,1994,625,72174,INE335Y01012,2020-06-04,2020-06-03T18:30:00.000Z,2020-06-04T12:00:37.889Z,2020-06-04T12:00:37.889Z,0,1420.45,04-Jun-2020
5ed791037a1af200085d0a80,IRCTC,EQ,N,1421.65,1389,1415,1392.55,1397.7,1409.85,831499,1166332661.15,1994,625,57872,INE335Y01012,2020-06-03,2020-06-02T18:30:00.000Z,2020-06-03T12:01:07.498Z,2020-06-03T12:01:07.498Z,0,1402.69,03-Jun-2020
5ee767eca27a6a0008c9f05e,IRCTC,EQ,N,1425,1402,1422,1409.85,1410,1415.75,636146,899219913.7,1994,625,37759,INE335Y01012,2020-06-02,2020-06-01T18:30:00.000Z,2020-06-15T12:22:04.859Z,2020-06-15T12:22:04.859Z,0,1413.54,02-Jun-2020
5ed4ee0176f19800081271ae,IRCTC,EQ,N,1450,1411.4,1450,1415.75,1420.65,1410.35,951508,1359786240.7,1994,625,53936,INE335Y01012,2020-06-01,2020-05-31T18:30:00.000Z,2020-06-01T12:01:05.082Z,2020-06-01T12:01:05.082Z,0,1429.09,01-Jun-2020
5ed0fd08623c1d00084ef983,IRCTC,EQ,N,1422,1366.35,1380,1410.35,1409,1381.3,1242472,1748655562.75,1994,625,64050,INE335Y01012,2020-05-29,2020-05-28T18:30:00.000Z,2020-05-29T12:16:08.589Z,2020-05-29T12:16:08.589Z,0,1407.4,29-May-2020
5ecfa801413b6c00082093e5,IRCTC,EQ,N,1404,1362,1389,1381.3,1381.1,1391.75,720618,998176628.65,1994,625,49667,INE335Y01012,2020-05-28,2020-05-27T18:30:00.000Z,2020-05-28T12:01:05.030Z,2020-05-28T12:01:05.030Z,0,1385.17,28-May-2020
5ece56802e488c00082acd08,IRCTC,EQ,N,1414.9,1331,1347,1391.75,1389.05,1377.75,1205961,1644465664.5,1994,625,72089,INE335Y01012,2020-05-27,2020-05-26T18:30:00.000Z,2020-05-27T12:01:04.974Z,2020-05-27T12:01:04.974Z,0,1363.61,27-May-2020
5ecd04e30f5c2100084bc2fa,IRCTC,EQ,N,1449,1373,1449,1377.75,1377.95,1422.7,1167876,1633620437.9,1994,625,80385,INE335Y01012,2020-05-26,2020-05-25T18:30:00.000Z,2020-05-26T12:00:35.122Z,2020-05-26T12:00:35.122Z,0,1398.8,26-May-2020
5ec7bf007e6cba0008f8e3df,IRCTC,EQ,N,1460,1400,1449,1422.7,1423,1400,2602909,3718257137.05,1994,625,147187,INE335Y01012,2020-05-22,2020-05-21T18:30:00.000Z,2020-05-22T12:01:04.873Z,2020-05-22T12:01:04.873Z,0,1428.5,22-May-2020
5ec66d6493ecae00085c133f,IRCTC,EQ,N,1400,1400,1400,1400,1400,1333.35,186571,261199400,1994,625,6555,INE335Y01012,2020-05-21,2020-05-20T18:30:00.000Z,2020-05-21T12:00:36.852Z,2020-05-21T12:00:36.852Z,0,1400,21-May-2020
5ec51c01d776c7000837f2d4,IRCTC,EQ,N,1333.35,1333.35,1333.35,1333.35,1333.35,1269.9,518570,691435309.5,1994,625,12646,INE335Y01012,2020-05-20,2020-05-19T18:30:00.000Z,2020-05-20T12:01:05.412Z,2020-05-20T12:01:05.412Z,0,1333.35,20-May-2020
5ec3ca657ac81d00085e1c68,IRCTC,EQ,N,1309.95,1245.65,1265,1269.9,1274.5,1263.6,1208900,1536904790.8,1994,625,82902,INE335Y01012,2020-05-19,2020-05-18T18:30:00.000Z,2020-05-19T12:00:37.087Z,2020-05-19T12:00:37.087Z,0,1271.32,19-May-2020
5ec279245b32f10008a5971c,IRCTC,EQ,N,1314.95,1263.6,1310.5,1263.6,1263.6,1330.1,862751,1099209829.85,1994,625,75912,INE335Y01012,2020-05-18,2020-05-17T18:30:00.000Z,2020-05-18T12:01:40.347Z,2020-05-18T12:01:40.347Z,0,1274.08,18-May-2020
5ebe8480c738bf0008c4dfdf,IRCTC,EQ,N,1377.4,1325.65,1342,1330.1,1329,1389.2,1285331,1720292031.05,1994,625,93519,INE335Y01012,2020-05-15,2020-05-14T18:30:00.000Z,2020-05-15T12:01:04.385Z,2020-05-15T12:01:04.385Z,0,1338.4,15-May-2020
5ebd32e4b7d0c80008e477b4,IRCTC,EQ,N,1475,1382.65,1469.95,1389.2,1389,1437.1,3802256,5398056499.05,1994,625,248357,INE335Y01012,2020-05-14,2020-05-13T18:30:00.000Z,2020-05-14T12:00:36.169Z,2020-05-14T12:00:36.169Z,0,1419.7,14-May-2020
5ebbe163f79ef100088a7a02,IRCTC,EQ,N,1437.1,1376,1437.1,1437.1,1437.1,1368.7,2268041,3231440396.1,1994,625,103739,INE335Y01012,2020-05-13,2020-05-12T18:30:00.000Z,2020-05-13T12:00:35.749Z,2020-05-13T12:00:35.749Z,0,1424.77,13-May-2020
5eba8fe3dad6ca0008e06e66,IRCTC,EQ,N,1368.7,1368.7,1368.7,1368.7,1368.7,1303.55,172092,235542320.4,1994,625,5652,INE335Y01012,2020-05-12,2020-05-11T18:30:00.000Z,2020-05-12T12:00:35.955Z,2020-05-12T12:00:35.955Z,0,1368.7,12-May-2020
5eb93e6393bc02000807a485,IRCTC,EQ,N,1303.55,1303.55,1303.55,1303.55,1303.55,1241.5,129360,168627228,1994,625,5529,INE335Y01012,2020-05-11,2020-05-10T18:30:00.000Z,2020-05-11T12:00:35.389Z,2020-05-11T12:00:35.389Z,0,1303.55,11-May-2020
5eb549e0d9948500083684c2,IRCTC,EQ,N,1275.25,1222,1230,1241.5,1243,1214.55,1868132,2344471635.8,1994,625,70703,INE335Y01012,2020-05-08,2020-05-07T18:30:00.000Z,2020-05-08T12:00:32.400Z,2020-05-08T12:00:32.400Z,0,1254.98,08-May-2020
5eb3f85d5bbde20008dc4124,IRCTC,EQ,N,1248.95,1190,1219.4,1214.55,1216.4,1216.2,1023481,1246948043.55,1994,625,65176,INE335Y01012,2020-05-07,2020-05-06T18:30:00.000Z,2020-05-07T12:00:29.385Z,2020-05-07T12:00:29.385Z,0,1218.34,07-May-2020
5eb2a6e46952ee0008288ed9,IRCTC,EQ,N,1268.9,1202.25,1264,1216.2,1219.4,1262,920936,1126832207,1994,625,72617,INE335Y01012,2020-05-06,2020-05-05T18:30:00.000Z,2020-05-06T12:00:36.342Z,2020-05-06T12:00:36.342Z,0,1223.57,06-May-2020
5ece2fbda7d7070008238a90,IRCTC,EQ,N,1309.8,1260,1305,1262,1264,1282.35,656951,840103981.95,1994,625,49795,INE335Y01012,2020-05-05,2020-05-04T18:30:00.000Z,2020-05-27T09:15:41.976Z,2020-05-27T09:15:41.976Z,0,1278.79,05-May-2020
5ef2455bb9601200082d8a64,IRCTC,EQ,N,1304,1270.1,1270.1,1282.35,1287,1324.35,765849,983689274.5,1994,625,62644,INE335Y01012,2020-05-04,2020-05-03T18:30:00.000Z,2020-06-23T18:09:31.212Z,2020-06-23T18:09:31.212Z,0,1284.44,04-May-2020
5eaabdde4a869300089a91a1,IRCTC,EQ,N,1344.95,1315,1340,1324.35,1324.05,1319,799185,1062111462.4,1994,625,46862,INE335Y01012,2020-04-30,2020-04-29T18:30:00.000Z,2020-04-30T12:00:30.187Z,2020-04-30T12:00:30.187Z,0,1328.99,30-Apr-2020
5ea96c65e9c5d6000806b6cb,IRCTC,EQ,N,1364,1305.55,1364,1319,1317.35,1328.4,1254301,1679898201.9,1994,625,72375,INE335Y01012,2020-04-29,2020-04-28T18:30:00.000Z,2020-04-29T12:00:37.224Z,2020-04-29T12:00:37.224Z,0,1339.31,29-Apr-2020
5ea81ae544c8c20008e529d5,IRCTC,EQ,N,1331,1235,1280,1328.4,1331,1267.65,2002025,2590526960.7,1994,625,107163,INE335Y01012,2020-04-28,2020-04-27T18:30:00.000Z,2020-04-28T12:00:37.247Z,2020-04-28T12:00:37.247Z,0,1293.95,28-Apr-2020
5ea6c965544ba90008e89d41,IRCTC,EQ,N,1329.9,1240.85,1262,1267.65,1270,1302.8,1469187,1876290219.65,1994,625,107251,INE335Y01012,2020-04-27,2020-04-26T18:30:00.000Z,2020-04-27T12:00:37.384Z,2020-04-27T12:00:37.384Z,0,1277.09,27-Apr-2020
5ea2d50098bd860008322d49,IRCTC,EQ,N,1347.75,1302.8,1330,1302.8,1302.8,1371.35,911686,1195992249,1994,625,64300,INE335Y01012,2020-04-24,2020-04-23T18:30:00.000Z,2020-04-24T12:01:04.638Z,2020-04-24T12:01:04.638Z,0,1311.85,24-Apr-2020
5ea18380f581ca0008bae81b,IRCTC,EQ,N,1448.95,1365.55,1440,1371.35,1374,1434.45,1486466,2067970413.95,1994,625,105826,INE335Y01012,2020-04-23,2020-04-22T18:30:00.000Z,2020-04-23T12:01:04.548Z,2020-04-23T12:01:04.548Z,0,1391.2,23-Apr-2020
5ea031e329938c0008a2c0d1,IRCTC,EQ,N,1509,1401.1,1480,1434.45,1432.3,1462.1,2024664,2937126030.7,1994,625,125115,INE335Y01012,2020-04-22,2020-04-21T18:30:00.000Z,2020-04-22T12:00:35.628Z,2020-04-22T12:00:35.628Z,0,1450.67,22-Apr-2020
5e9ee0652fa7f400080ff37a,IRCTC,EQ,N,1485,1380,1410,1462.1,1458.1,1424.45,2588589,3769911232.1,1994,625,151492,INE335Y01012,2020-04-21,2020-04-20T18:30:00.000Z,2020-04-21T12:00:37.606Z,2020-04-21T12:00:37.606Z,0,1456.36,21-Apr-2020
5e9d8f01ea7d82000850dbe7,IRCTC,EQ,N,1424.45,1370,1407,1424.45,1424.45,1356.65,1180896,1669283445.2,1994,625,46307,INE335Y01012,2020-04-20,2020-04-19T18:30:00.000Z,2020-04-20T12:01:05.021Z,2020-04-20T12:01:05.021Z,0,1413.57,20-Apr-2020
5e999a5dd9a83d0008a9c199,IRCTC,EQ,N,1356.65,1308.65,1356.65,1356.65,1356.65,1292.05,1950259,2627249558.7,1994,625,67549,INE335Y01012,2020-04-17,2020-04-16T18:30:00.000Z,2020-04-17T12:00:29.895Z,2020-04-17T12:00:29.895Z,0,1347.13,17-Apr-2020
5e9848e4cd402800080decc3,IRCTC,EQ,N,1292.05,1190,1224,1292.05,1292.05,1230.55,1328033,1666096867.95,1994,625,68831,INE335Y01012,2020-04-16,2020-04-15T18:30:00.000Z,2020-04-16T12:00:36.097Z,2020-04-16T12:00:36.097Z,0,1254.56,16-Apr-2020
5e96f780d46af300089bda42,IRCTC,EQ,N,1288.8,1226.3,1226.3,1230.55,1230.05,1290.8,1503122,1887336119.75,1994,625,115265,INE335Y01012,2020-04-15,2020-04-14T18:30:00.000Z,2020-04-15T12:01:04.058Z,2020-04-15T12:01:04.058Z,0,1255.61,15-Apr-2020
5e94547f328a59000841596e,IRCTC,EQ,N,1316.55,1200.1,1259,1290.8,1295.9,1253.9,3734630,4769274916.3,1994,625,235666,INE335Y01012,2020-04-13,2020-04-12T18:30:00.000Z,2020-04-13T12:01:03.968Z,2020-04-13T12:01:03.968Z,0,1277.04,13-Apr-2020
5e8f0e809f28990008154102,IRCTC,EQ,N,1253.9,1253.9,1253.9,1253.9,1253.9,1194.2,102764,128855779.6,1994,625,4001,INE335Y01012,2020-04-09,2020-04-08T18:30:00.000Z,2020-04-09T12:01:04.686Z,2020-04-09T12:01:04.686Z,0,1253.9,09-Apr-2020
5e8dbd012b81d000080d1908,IRCTC,EQ,N,1194.2,1194.2,1194.2,1194.2,1194.2,1137.35,96331,115038480.2,1994,625,3945,INE335Y01012,2020-04-08,2020-04-07T18:30:00.000Z,2020-04-08T12:01:05.169Z,2020-04-08T12:01:05.169Z,0,1194.2,08-Apr-2020
5e8c6b80097b5b00085acdd5,IRCTC,EQ,N,1137.35,1099,1110,1137.35,1137.35,1083.2,595441,670684599.7,1994,625,23541,INE335Y01012,2020-04-07,2020-04-06T18:30:00.000Z,2020-04-07T12:01:04.657Z,2020-04-07T12:01:04.657Z,0,1126.37,07-Apr-2020
5e872564e4335f0008b362a8,IRCTC,EQ,N,1083.2,1083.2,1083.2,1083.2,1083.2,1031.65,224922,243635510.4,1994,625,4883,INE335Y01012,2020-04-03,2020-04-02T18:30:00.000Z,2020-04-03T12:00:36.936Z,2020-04-03T12:00:36.936Z,0,1083.2,03-Apr-2020
5e8482638ee873000834923d,IRCTC,EQ,N,1031.65,1031.65,1031.65,1031.65,1031.65,982.55,56186,57964286.9,1994,625,3671,INE335Y01012,2020-04-01,2020-03-31T18:30:00.000Z,2020-04-01T12:00:35.877Z,2020-04-01T12:00:35.877Z,0,1031.65,01-Apr-2020
5e833100e0c06f00088f8a26,IRCTC,EQ,N,982.55,982.55,982.55,982.55,982.55,935.8,64614,63486485.7,1994,625,3468,INE335Y01012,2020-03-31,2020-03-30T18:30:00.000Z,2020-03-31T12:01:04.527Z,2020-03-31T12:01:04.527Z,0,982.55,31-Mar-2020
5e81dfbfba9bb000080b7dab,IRCTC,EQ,N,943.85,858.15,889.9,935.8,943.85,898.95,1825236,1682520466.5,1994,625,85954,INE335Y01012,2020-03-30,2020-03-29T18:30:00.000Z,2020-03-30T12:02:07.331Z,2020-03-30T12:02:07.331Z,0,921.81,30-Mar-2020
5e7deae42fba8e000887b434,IRCTC,EQ,N,898.95,898.95,898.95,898.95,898.95,856.15,159470,143355556.5,1994,625,4700,INE335Y01012,2020-03-27,2020-03-26T18:30:00.000Z,2020-03-27T12:00:36.176Z,2020-03-27T12:00:36.176Z,0,898.95,27-Mar-2020
5e7c9980d2f6610008811120,IRCTC,EQ,N,856.15,774.65,774.65,856.15,856.15,815.4,1053226,863073280.35,1994,625,41975,INE335Y01012,2020-03-26,2020-03-25T18:30:00.000Z,2020-03-26T12:01:04.438Z,2020-03-26T12:01:04.438Z,0,819.46,26-Mar-2020
5e7b4800ada1850008e44be1,IRCTC,EQ,N,825,815.4,820.25,815.4,815.4,858.3,295503,241333433.45,1994,625,20166,INE335Y01012,2020-03-25,2020-03-24T18:30:00.000Z,2020-03-25T12:01:04.080Z,2020-03-25T12:01:04.080Z,0,816.69,25-Mar-2020
5e79f680e7b7180008a9cb0c,IRCTC,EQ,N,877.95,858.3,861,858.3,858.3,903.45,269345,231599517.1,1994,625,20313,INE335Y01012,2020-03-24,2020-03-23T18:30:00.000Z,2020-03-24T12:01:04.307Z,2020-03-24T12:01:04.307Z,0,859.86,24-Mar-2020
5e78a4e552ea370008a7bd07,IRCTC,EQ,N,903.45,903.45,903.45,903.45,903.45,951,166278,150223859.1,1994,625,16189,INE335Y01012,2020-03-23,2020-03-22T18:30:00.000Z,2020-03-23T12:00:37.258Z,2020-03-23T12:00:37.258Z,0,903.45,23-Mar-2020
5e74b063f727ea0008e5b606,IRCTC,EQ,N,1005,950.1,970.25,951,950.1,1000.1,3068377,2957133264.2,1994,625,125903,INE335Y01012,2020-03-20,2020-03-19T18:30:00.000Z,2020-03-20T12:00:35.326Z,2020-03-20T12:00:35.326Z,0,963.75,20-Mar-2020
5e735edf984da20008ffecf0,IRCTC,EQ,N,1033,1000.1,1000.1,1000.1,1000.1,1052.7,671844,677540672.5,1994,625,33661,INE335Y01012,2020-03-19,2020-03-18T18:30:00.000Z,2020-03-19T12:00:31.533Z,2020-03-19T12:00:31.533Z,0,1008.48,19-Mar-2020
5e720d668a1f0f0008bf7523,IRCTC,EQ,N,1087.95,1052.7,1076.6,1052.7,1052.7,1108.1,411932,435641500.55,1994,625,25700,INE335Y01012,2020-03-18,2020-03-17T18:30:00.000Z,2020-03-18T12:00:38.659Z,2020-03-18T12:00:38.659Z,0,1057.56,18-Mar-2020
5e70bbe3c32b4c00086b1822,IRCTC,EQ,N,1178.8,1108.1,1152,1108.1,1108.1,1166.4,1798036,2016995524.2,1994,625,84458,INE335Y01012,2020-03-17,2020-03-16T18:30:00.000Z,2020-03-17T12:00:35.276Z,2020-03-17T12:00:35.276Z,0,1121.78,17-Mar-2020
5e6f6a815de3ae0008ceb60e,IRCTC,EQ,N,1198,1166.4,1181.1,1166.4,1166.4,1227.75,1345706,1580257281.15,1994,625,67478,INE335Y01012,2020-03-16,2020-03-15T18:30:00.000Z,2020-03-16T12:01:05.142Z,2020-03-16T12:01:05.142Z,0,1174.3,16-Mar-2020
5e6b75e22901d300081cfce3,IRCTC,EQ,N,1268.8,1160.05,1160.05,1227.75,1225,1221.1,3184135,3826617559.3,1994,625,154200,INE335Y01012,2020-03-13,2020-03-12T18:30:00.000Z,2020-03-13T12:00:34.986Z,2020-03-13T12:00:34.986Z,0,1201.78,13-Mar-2020
5e6a246527e7a10008ff1bdb,IRCTC,EQ,N,1221.1,1221.1,1221.1,1221.1,1221.1,1285.35,135614,165598255.4,1994,625,15787,INE335Y01012,2020-03-12,2020-03-11T18:30:00.000Z,2020-03-12T12:00:37.610Z,2020-03-12T12:00:37.610Z,0,1221.1,12-Mar-2020
5e68d2de5def9e000876c3e5,IRCTC,EQ,N,1355.95,1226.85,1226.85,1285.35,1285,1291.4,4083929,5328650276.85,1994,625,195906,INE335Y01012,2020-03-11,2020-03-10T18:30:00.000Z,2020-03-11T12:00:30.238Z,2020-03-11T12:00:30.238Z,0,1304.79,11-Mar-2020
5e6630009fa524000822bdd2,IRCTC,EQ,N,1291.4,1291.4,1291.4,1291.4,1291.4,1359.35,135085,174448769,1994,625,15615,INE335Y01012,2020-03-09,2020-03-08T18:30:00.000Z,2020-03-09T12:01:04.435Z,2020-03-09T12:01:04.435Z,0,1291.4,09-Mar-2020
5e623b6213351a000888fc78,IRCTC,EQ,N,1359.35,1359.35,1359.35,1359.35,1359.35,1430.85,232008,315380074.8,1994,625,25759,INE335Y01012,2020-03-06,2020-03-05T18:30:00.000Z,2020-03-06T12:00:34.573Z,2020-03-06T12:00:34.573Z,0,1359.35,06-Mar-2020
5e60e9e23022d70008501ba8,IRCTC,EQ,N,1524.95,1411.1,1507,1430.85,1425,1565.4,7607334,11026195529.2,1994,625,382652,INE335Y01012,2020-03-05,2020-03-04T18:30:00.000Z,2020-03-05T12:00:34.600Z,2020-03-05T12:00:34.600Z,0,1449.42,05-Mar-2020
5e5f9862e28dc70008eec011,IRCTC,EQ,N,1765,1565.4,1752,1565.4,1565.4,1739.3,4406093,7271653214.25,1994,625,209739,INE335Y01012,2020-03-04,2020-03-03T18:30:00.000Z,2020-03-04T12:00:34.726Z,2020-03-04T12:00:34.726Z,0,1650.36,04-Mar-2020
5e5e46dd599ecf00083955af,IRCTC,EQ,N,1809,1686.55,1770,1739.3,1747.95,1723.25,4315203,7501871023.2,1994,625,218694,INE335Y01012,2020-03-03,2020-03-02T18:30:00.000Z,2020-03-03T12:00:29.478Z,2020-03-03T12:00:29.478Z,0,1738.47,03-Mar-2020
5e5cf5809e55a200083f58f4,IRCTC,EQ,N,1873.7,1636.45,1810,1723.25,1712,1743.8,4904409,8827878663.1,1994,625,237699,INE335Y01012,2020-03-02,2020-03-01T18:30:00.000Z,2020-03-02T12:01:04.120Z,2020-03-02T12:01:04.120Z,0,1799.99,02-Mar-2020
5e5900e4ce0adf0008889037,IRCTC,EQ,N,1865.9,1731.3,1842,1743.8,1743,1909.4,5090258,9119756829.9,1994,625,278642,INE335Y01012,2020-02-28,2020-02-27T18:30:00.000Z,2020-02-28T12:00:36.914Z,2020-02-28T12:00:36.914Z,0,1791.61,28-Feb-2020
5e57af64a6a62e0008780939,IRCTC,EQ,N,1970,1888.8,1967,1909.4,1905.3,1951.65,3475379,6677656544.55,1994,625,155090,INE335Y01012,2020-02-27,2020-02-26T18:30:00.000Z,2020-02-27T12:00:36.117Z,2020-02-27T12:00:36.117Z,0,1921.42,27-Feb-2020
5e565de45a6517000885b646,IRCTC,EQ,N,1983.7,1940,1959,1951.65,1947,1951.95,3688725,7234965134,1994,625,150881,INE335Y01012,2020-02-26,2020-02-25T18:30:00.000Z,2020-02-26T12:00:36.193Z,2020-02-26T12:00:36.193Z,0,1961.37,26-Feb-2020
5e550c634766bc00083dcb29,IRCTC,EQ,N,1994,1917,1923.3,1951.95,1959,1923.5,5764224,11321884545.95,1994,625,240322,INE335Y01012,2020-02-25,2020-02-24T18:30:00.000Z,2020-02-25T12:00:35.345Z,2020-02-25T12:00:35.345Z,0,1964.16,25-Feb-2020
5e53bb0039d4590008a06035,IRCTC,EQ,N,1989.9,1812,1900,1923.5,1917,1930.05,9857426,18967902090.4,1989.9,625,403861,INE335Y01012,2020-02-24,2020-02-23T18:30:00.000Z,2020-02-24T12:01:04.567Z,2020-02-24T12:01:04.567Z,0,1924.22,24-Feb-2020
5e4e7500ae37a3000818069b,IRCTC,EQ,N,1977,1862.05,1870,1930.05,1912,1831.9,12052002,23128921121.95,1977,625,451424,INE335Y01012,2020-02-20,2020-02-19T18:30:00.000Z,2020-02-20T12:01:04.398Z,2020-02-20T12:01:04.398Z,0,1919.09,20-Feb-2020
5e4d2365dce3890008fef054,IRCTC,EQ,N,1872.7,1658.4,1666.3,1831.9,1869,1638.6,13312044,23526972951.65,1872.7,625,448544,INE335Y01012,2020-02-19,2020-02-18T18:30:00.000Z,2020-02-19T12:00:37.527Z,2020-02-19T12:00:37.527Z,0,1767.34,19-Feb-2020
5e4bd1ffba0d89000857169e,IRCTC,EQ,N,1648,1485,1515,1638.6,1643.8,1518.65,7586511,12040744466,1648,625,271248,INE335Y01012,2020-02-18,2020-02-17T18:30:00.000Z,2020-02-18T12:01:03.825Z,2020-02-18T12:01:03.825Z,0,1587.13,18-Feb-2020
5e4a8066a9e763000816f033,IRCTC,EQ,N,1565,1510,1564.9,1518.65,1523.85,1557.4,1568959,2399351690.45,1609.8,625,75102,INE335Y01012,2020-02-17,2020-02-16T18:30:00.000Z,2020-02-17T12:00:38.302Z,2020-02-17T12:00:38.302Z,0,1529.26,17-Feb-2020
5e468c00e8dfc60008d8dac9,IRCTC,EQ,N,1603.9,1548.6,1599,1557.4,1558,1580.35,3329548,5235687556.1,1609.8,625,187122,INE335Y01012,2020-02-14,2020-02-13T18:30:00.000Z,2020-02-14T12:01:04.228Z,2020-02-14T12:01:04.228Z,0,1572.49,14-Feb-2020
5e453a636a2556000863635d,IRCTC,EQ,N,1609.8,1515.35,1583.5,1580.35,1580.4,1415.25,11381387,17915063823.5,1609.8,625,407247,INE335Y01012,2020-02-13,2020-02-12T18:30:00.000Z,2020-02-13T12:00:35.849Z,2020-02-13T12:00:35.849Z,0,1574.07,13-Feb-2020
5e43e900ffef84000809c1e3,IRCTC,EQ,N,1450,1350,1395,1415.25,1428,1408,5342502,7527709132.45,1563,625,231174,INE335Y01012,2020-02-12,2020-02-11T18:30:00.000Z,2020-02-12T12:01:04.983Z,2020-02-12T12:01:04.983Z,0,1409.02,12-Feb-2020
5e429780b371e50008f85c81,IRCTC,EQ,N,1505,1378.6,1495.2,1408,1390,1480.2,2889010,4183326812.2,1563,625,127767,INE335Y01012,2020-02-11,2020-02-10T18:30:00.000Z,2020-02-11T12:01:04.532Z,2020-02-11T12:01:04.532Z,0,1448.01,11-Feb-2020
5e414602792b6d0008359966,IRCTC,EQ,N,1538,1466,1523.9,1480.2,1474.5,1513.5,2990816,4477847042.15,1563,625,132180,INE335Y01012,2020-02-10,2020-02-09T18:30:00.000Z,2020-02-10T12:01:06.022Z,2020-02-10T12:01:06.022Z,0,1497.2,10-Feb-2020
5e3d5161116378000820586a,IRCTC,EQ,N,1528,1482,1500,1513.5,1513.5,1504.3,2379411,3599300233.35,1563,625,88249,INE335Y01012,2020-02-07,2020-02-06T18:30:00.000Z,2020-02-07T12:00:33.823Z,2020-02-07T12:00:33.823Z,0,1512.69,07-Feb-2020
5e3bffe4f669df000874e2df,IRCTC,EQ,N,1563,1472,1532,1504.3,1499,1508.55,5593623,8444473353.25,1563,625,217329,INE335Y01012,2020-02-06,2020-02-05T18:30:00.000Z,2020-02-06T12:00:36.420Z,2020-02-06T12:00:36.420Z,0,1509.66,06-Feb-2020
5e3aae6284ff470008f8624d,IRCTC,EQ,N,1547.8,1441,1457,1508.55,1511,1412.65,10960302,16513857625.95,1547.8,625,409572,INE335Y01012,2020-02-05,2020-02-04T18:30:00.000Z,2020-02-05T12:00:34.025Z,2020-02-05T12:00:34.025Z,0,1506.7,05-Feb-2020
5e395ce32364200008751840,IRCTC,EQ,N,1438,1286,1290,1412.65,1431,1250.85,6594725,8940671073.6,1438,625,201136,INE335Y01012,2020-02-04,2020-02-03T18:30:00.000Z,2020-02-04T12:00:35.979Z,2020-02-04T12:00:35.979Z,0,1355.73,04-Feb-2020
5e380b7f901a7e00088a1227,IRCTC,EQ,N,1263,1186.05,1194.35,1250.85,1262,1190.35,2852658,3520932684.1,1333,625,103768,INE335Y01012,2020-02-03,2020-02-02T18:30:00.000Z,2020-02-03T12:01:03.916Z,2020-02-03T12:01:03.916Z,0,1234.26,03-Feb-2020
5e356880293b5a00089d4cdd,IRCTC,EQ,N,1333,1168.2,1241,1190.35,1196.35,1210.3,11650679,14584545533.05,1333,625,400478,INE335Y01012,2020-02-01,2020-01-31T18:30:00.000Z,2020-02-01T12:01:04.514Z,2020-02-01T12:01:04.514Z,0,1251.82,01-Feb-2020
5e3416e378f7fe00082615b9,IRCTC,EQ,N,1235,1146.05,1152.1,1210.3,1232.35,1137.15,3326290,3937116748,1235,625,93674,INE335Y01012,2020-01-31,2020-01-30T18:30:00.000Z,2020-01-31T12:00:35.870Z,2020-01-31T12:00:35.870Z,0,1183.64,31-Jan-2020
5e32c5801e3869000861b3ec,IRCTC,EQ,N,1164,1116.05,1132.8,1137.15,1138,1116.4,3814613,4365130528.25,1164,625,112540,INE335Y01012,2020-01-30,2020-01-29T18:30:00.000Z,2020-01-30T12:01:04.191Z,2020-01-30T12:01:04.191Z,0,1144.32,30-Jan-2020
5e317401bfc8c60008093248,IRCTC,EQ,N,1129.9,1063.5,1072.5,1116.4,1128.5,1048.7,2878180,3149702081.75,1129.9,625,80576,INE335Y01012,2020-01-29,2020-01-28T18:30:00.000Z,2020-01-29T12:01:05.018Z,2020-01-29T12:01:05.018Z,0,1094.34,29-Jan-2020
5e302280c65a7a0008f25b74,IRCTC,EQ,N,1059.9,1010.15,1013.6,1048.7,1059.9,1007.6,1302893,1348160164.75,1059.9,625,43765,INE335Y01012,2020-01-28,2020-01-27T18:30:00.000Z,2020-01-28T12:01:04.596Z,2020-01-28T12:01:04.596Z,0,1034.74,28-Jan-2020
5e2ed1013d641100085c08d4,IRCTC,EQ,N,1017.45,995,1001.9,1007.6,1004,1002.7,552128,556312771.85,1028.2,625,18823,INE335Y01012,2020-01-27,2020-01-26T18:30:00.000Z,2020-01-27T12:01:05.469Z,2020-01-27T12:01:05.469Z,0,1007.58,27-Jan-2020
5e2adc65ba04d60008ab240d,IRCTC,EQ,N,1012.6,992.1,1000,1002.7,1003.85,995.5,486570,488698661.45,1028.2,625,15911,INE335Y01012,2020-01-24,2020-01-23T18:30:00.000Z,2020-01-24T12:00:37.377Z,2020-01-24T12:00:37.377Z,0,1004.37,24-Jan-2020
5e298ae223252f0008a1d866,IRCTC,EQ,N,1000.75,989,998.6,995.5,995.5,996.85,326740,325149124.4,1028.2,625,11651,INE335Y01012,2020-01-23,2020-01-22T18:30:00.000Z,2020-01-23T12:00:34.734Z,2020-01-23T12:00:34.734Z,0,995.13,23-Jan-2020
5e28395d350bd90008188d60,IRCTC,EQ,N,1006,987,990,996.85,996.7,982.75,594103,592137125.55,1028.2,625,19521,INE335Y01012,2020-01-22,2020-01-21T18:30:00.000Z,2020-01-22T12:00:29.989Z,2020-01-22T12:00:29.989Z,0,996.69,22-Jan-2020
5e26e7e356a809000813a320,IRCTC,EQ,N,994.4,978,992.4,982.75,982.55,993.35,576489,568421748.1,1028.2,625,20689,INE335Y01012,2020-01-21,2020-01-20T18:30:00.000Z,2020-01-21T12:00:35.788Z,2020-01-21T12:00:35.788Z,0,986.01,21-Jan-2020
5e25966282871b000846563c,IRCTC,EQ,N,1028.2,988.05,1027.2,993.35,996,1021.85,887648,888095428.55,1028.2,625,29265,INE335Y01012,2020-01-20,2020-01-19T18:30:00.000Z,2020-01-20T12:00:34.429Z,2020-01-20T12:00:34.429Z,0,1000.5,20-Jan-2020
5e21a1e236099d0008e3d808,IRCTC,EQ,N,1025,1010,1010,1021.85,1022,1003.65,1099347,1119623674.65,1025,625,29864,INE335Y01012,2020-01-17,2020-01-16T18:30:00.000Z,2020-01-17T12:00:34.256Z,2020-01-17T12:00:34.256Z,0,1018.44,17-Jan-2020
5e205080a4665300085b9552,IRCTC,EQ,N,1008.35,984.75,984.8,1003.65,1007.35,985.4,1521414,1516908015.55,1008.35,625,39213,INE335Y01012,2020-01-16,2020-01-15T18:30:00.000Z,2020-01-16T12:01:04.165Z,2020-01-16T12:01:04.165Z,0,997.04,16-Jan-2020
5e1efee523a9bc00085db72b,IRCTC,EQ,N,996,973.85,978,985.4,984,974.15,1712570,1690982577.4,996,625,40896,INE335Y01012,2020-01-15,2020-01-14T18:30:00.000Z,2020-01-15T12:00:37.023Z,2020-01-15T12:00:37.023Z,0,987.39,15-Jan-2020
5e1dad80dcdcd40008fc0d95,IRCTC,EQ,N,983.7,942.05,945,974.15,976.95,939.15,2897447,2810984151.75,983.7,625,68895,INE335Y01012,2020-01-14,2020-01-13T18:30:00.000Z,2020-01-14T12:01:04.465Z,2020-01-14T12:01:04.465Z,0,970.16,14-Jan-2020
5e1c5be31810e200086e1264,IRCTC,EQ,N,942.8,916.05,920,939.15,942,917.25,782985,730041380.4,980.9,625,22879,INE335Y01012,2020-01-13,2020-01-12T18:30:00.000Z,2020-01-13T12:00:35.407Z,2020-01-13T12:00:35.407Z,0,932.38,13-Jan-2020
5e1867808ce1e80008629319,IRCTC,EQ,N,927.4,908.65,912,917.25,918.05,913.65,508777,467103692.1,980.9,625,16154,INE335Y01012,2020-01-10,2020-01-09T18:30:00.000Z,2020-01-10T12:01:04.707Z,2020-01-10T12:01:04.707Z,0,918.09,10-Jan-2020
5e1715e158fadb000853b53b,IRCTC,EQ,N,920.6,910,910.35,913.65,912.1,896.15,599400,548560535.7,980.9,625,19518,INE335Y01012,2020-01-09,2020-01-08T18:30:00.000Z,2020-01-09T12:00:33.791Z,2020-01-09T12:00:33.791Z,0,915.18,09-Jan-2020
5e15c480a5900600085789d7,IRCTC,EQ,N,902.6,886.3,899,896.15,895.9,907.4,554070,495896028.05,980.9,625,16996,INE335Y01012,2020-01-08,2020-01-07T18:30:00.000Z,2020-01-08T12:01:04.686Z,2020-01-08T12:01:04.686Z,0,895.01,08-Jan-2020
5e1472e409e5d5000818f65e,IRCTC,EQ,N,921.5,897,897,907.4,906.25,894.45,697359,635711672.45,980.9,625,22318,INE335Y01012,2020-01-07,2020-01-06T18:30:00.000Z,2020-01-07T12:00:36.651Z,2020-01-07T12:00:36.651Z,0,911.6,07-Jan-2020
5e132162ab77820008ef1500,IRCTC,EQ,N,927.05,890.1,927,894.45,892.95,931.4,784734,709454116.65,980.9,625,30389,INE335Y01012,2020-01-06,2020-01-05T18:30:00.000Z,2020-01-06T12:00:34.568Z,2020-01-06T12:00:34.568Z,0,904.07,06-Jan-2020
5e0f2ce2bb6d66000843a29a,IRCTC,EQ,N,943.5,927.55,928,931.4,930,930.4,868570,811473496.4,980.9,625,24396,INE335Y01012,2020-01-03,2020-01-02T18:30:00.000Z,2020-01-03T12:00:34.604Z,2020-01-03T12:00:34.604Z,0,934.26,03-Jan-2020
5e0ddb80a604190008fe6828,IRCTC,EQ,N,944,927.05,944,930.4,928.5,944.35,657531,614611503,980.9,625,20140,INE335Y01012,2020-01-02,2020-01-01T18:30:00.000Z,2020-01-02T12:01:04.573Z,2020-01-02T12:01:04.573Z,0,934.73,02-Jan-2020
5e0c8a007eca93000835d358,IRCTC,EQ,N,953.85,934.8,941.9,944.35,943,933.45,1718655,1623376017.9,980.9,625,42462,INE335Y01012,2020-01-01,2019-12-31T18:30:00.000Z,2020-01-01T12:01:04.203Z,2020-01-01T12:01:04.203Z,0,944.56,01-Jan-2020
5e0b385f5c67aa00084afa23,IRCTC,EQ,N,954.7,921.3,932,933.45,939.7,926.15,3889180,3657847792.95,980.9,625,94754,INE335Y01012,2019-12-31,2019-12-30T18:30:00.000Z,2019-12-31T12:00:31.547Z,2019-12-31T12:00:31.547Z,0,940.52,31-Dec-2019
5e09e6e3853e8f0008de2c9c,IRCTC,EQ,N,937.45,883.3,885.25,926.15,935.65,880.6,3047571,2786803210.3,980.9,625,69337,INE335Y01012,2019-12-30,2019-12-29T18:30:00.000Z,2019-12-30T12:00:35.771Z,2019-12-30T12:00:35.771Z,0,914.43,30-Dec-2019
5e05f264f1221d0008ea668c,IRCTC,EQ,N,885.4,877,881.95,880.6,882.25,876.9,420523,370663534.05,980.9,625,12466,INE335Y01012,2019-12-27,2019-12-26T18:30:00.000Z,2019-12-27T12:00:36.665Z,2019-12-27T12:00:36.665Z,0,881.43,27-Dec-2019
5e04a35816f1bb0008a8b172,IRCTC,EQ,N,888,874.5,886,876.9,875.1,887.55,392561,345225490.1,980.9,625,15159,INE335Y01012,2019-12-26,2019-12-25T18:30:00.000Z,2019-12-26T12:11:04.050Z,2019-12-26T12:11:04.050Z,0,879.42,26-Dec-2019
5e01fe003538520008108159,IRCTC,EQ,N,899.8,875.2,885,887.55,885.5,864.75,2404158,2137451634,980.9,625,64192,INE335Y01012,2019-12-24,2019-12-23T18:30:00.000Z,2019-12-24T12:01:04.060Z,2019-12-24T12:01:04.060Z,0,889.06,24-Dec-2019
5e00ac80fe98840008e7db8b,IRCTC,EQ,N,870,861,868,864.75,865.45,866.85,328209,283940520,980.9,625,13164,INE335Y01012,2019-12-23,2019-12-22T18:30:00.000Z,2019-12-23T12:01:04.473Z,2019-12-23T12:01:04.473Z,0,865.12,23-Dec-2019
5dfcb7e30d565100086455bf,IRCTC,EQ,N,874,865.5,874,866.85,867,869.7,261200,227030770.05,980.9,625,11449,INE335Y01012,2019-12-20,2019-12-19T18:30:00.000Z,2019-12-20T12:00:36.011Z,2019-12-20T12:00:36.011Z,0,869.18,20-Dec-2019
5dfb66649bc9a50008f1e00b,IRCTC,EQ,N,876,866.2,872.2,869.7,869.5,875.35,302745,263802514.4,980.9,625,10981,INE335Y01012,2019-12-19,2019-12-18T18:30:00.000Z,2019-12-19T12:00:36.559Z,2019-12-19T12:00:36.559Z,0,871.37,19-Dec-2019
5dfa1500bda4b900080cc012,IRCTC,EQ,N,887.5,873.3,886.8,875.35,874,886.75,284932,250697271.55,980.9,625,10317,INE335Y01012,2019-12-18,2019-12-17T18:30:00.000Z,2019-12-18T12:01:04.267Z,2019-12-18T12:01:04.267Z,0,879.85,18-Dec-2019
5df8c38068de3f00088ebcdb,IRCTC,EQ,N,898.5,883,889,886.75,884.8,886.7,563331,502161927.7,980.9,625,20255,INE335Y01012,2019-12-17,2019-12-16T18:30:00.000Z,2019-12-17T12:01:04.296Z,2019-12-17T12:01:04.296Z,0,891.42,17-Dec-2019
5df77200673a0c0008d2d5ed,IRCTC,EQ,N,894.5,882.15,894.5,886.7,888.9,890.5,356192,316060984.3,980.9,625,10944,INE335Y01012,2019-12-16,2019-12-15T18:30:00.000Z,2019-12-16T12:01:04.476Z,2019-12-16T12:01:04.476Z,0,887.33,16-Dec-2019
5df37d8095c8b10009441ada,IRCTC,EQ,N,903.4,870.1,874.25,890.5,892.9,869.9,1400505,1246478887.6,980.9,625,35322,INE335Y01012,2019-12-13,2019-12-12T18:30:00.000Z,2019-12-13T12:01:04.134Z,2019-12-13T12:01:04.134Z,0,890.02,13-Dec-2019
5df22bff68de3f00088eb277,IRCTC,EQ,N,878,860.1,865,869.9,877,864.65,290277,251858468.95,980.9,625,11605,INE335Y01012,2019-12-12,2019-12-11T18:30:00.000Z,2019-12-12T12:01:03.915Z,2019-12-12T12:01:03.915Z,0,867.65,12-Dec-2019
5df0da80173f8f0008c57d08,IRCTC,EQ,N,869.95,855.5,863.9,864.65,867.4,860.9,441041,381373807.6,980.9,625,11998,INE335Y01012,2019-12-11,2019-12-10T18:30:00.000Z,2019-12-11T12:01:04.563Z,2019-12-11T12:01:04.563Z,0,864.71,11-Dec-2019
5def8900e7000d0008c6e497,IRCTC,EQ,N,869.8,855.3,869.8,860.9,863,867.4,394809,340603471.1,980.9,625,12940,INE335Y01012,2019-12-10,2019-12-09T18:30:00.000Z,2019-12-10T12:01:04.180Z,2019-12-10T12:01:04.180Z,0,862.7,10-Dec-2019
5dee378088cd7d0008bf1ff4,IRCTC,EQ,N,876.55,864.15,876.55,867.4,868.75,872.35,354249,308038916,980.9,625,13745,INE335Y01012,2019-12-09,2019-12-08T18:30:00.000Z,2019-12-09T12:01:04.845Z,2019-12-09T12:01:04.845Z,0,869.55,09-Dec-2019
5dea4300643d80000872cb53,IRCTC,EQ,N,878.65,868.15,877,872.35,874,875.95,355371,310094209.95,980.9,625,11487,INE335Y01012,2019-12-06,2019-12-05T18:30:00.000Z,2019-12-06T12:01:04.520Z,2019-12-06T12:01:04.520Z,0,872.59,06-Dec-2019
5de8f16293ae890008a4aca7,IRCTC,EQ,N,888.9,872,879.5,875.95,875,874.1,526976,463772739,980.9,625,14533,INE335Y01012,2019-12-05,2019-12-04T18:30:00.000Z,2019-12-05T12:00:34.560Z,2019-12-05T12:00:34.560Z,0,880.06,05-Dec-2019
5de79fff640e900008bfd678,IRCTC,EQ,N,885,862.3,872,874.1,872.5,875,741046,646067501.35,980.9,625,21928,INE335Y01012,2019-12-04,2019-12-03T18:30:00.000Z,2019-12-04T12:01:03.816Z,2019-12-04T12:01:03.816Z,0,871.83,04-Dec-2019
5dfb2a99999fe80008e7f0d2,IRCTC,EQ,N,889,871,886,875,872.15,881.05,550857,484692568.75,980.9,625,19659,INE335Y01012,2019-12-03,2019-12-02T18:30:00.000Z,2019-12-19T07:45:29.788Z,2019-12-19T07:45:29.788Z,0,879.89,03-Dec-2019
5de4fd0006ab980008378a69,IRCTC,EQ,N,902.85,878.15,902,881.05,880.5,897.25,466420,413226602.7,980.9,625,18691,INE335Y01012,2019-12-02,2019-12-01T18:30:00.000Z,2019-12-02T12:01:04.623Z,2019-12-02T12:01:04.623Z,0,885.95,02-Dec-2019
5de108624c2b410008804a72,IRCTC,EQ,N,918.7,878,882.15,897.25,896.55,882.45,1799753,1618014160.75,980.9,625,52129,INE335Y01012,2019-11-29,2019-11-28T18:30:00.000Z,2019-11-29T12:00:34.522Z,2019-11-29T12:00:34.522Z,0,899.02,29-Nov-2019
5ddfb700b2beec0008e354cc,IRCTC,EQ,N,887.8,878.1,884.95,882.45,883.6,883.25,415748,367014301.25,980.9,625,12616,INE335Y01012,2019-11-28,2019-11-27T18:30:00.000Z,2019-11-28T12:01:04.553Z,2019-11-28T12:01:04.553Z,0,882.78,28-Nov-2019
5dde6580640e900008bfa081,IRCTC,EQ,N,891,880,881.1,883.25,883,878.7,586626,519048144,980.9,625,16004,INE335Y01012,2019-11-27,2019-11-26T18:30:00.000Z,2019-11-27T12:01:04.331Z,2019-11-27T12:01:04.331Z,0,884.8,27-Nov-2019
5ddd1400ca03a80009b76163,IRCTC,EQ,N,895,875.5,887,878.7,880,882.15,794348,702753164.2,980.9,625,23872,INE335Y01012,2019-11-26,2019-11-25T18:30:00.000Z,2019-11-26T12:01:04.686Z,2019-11-26T12:01:04.686Z,0,884.69,26-Nov-2019
5ddbc2805b5f1e0008a2b5cc,IRCTC,EQ,N,890,873.1,879,882.15,882,875.9,687565,606614109.15,980.9,625,19049,INE335Y01012,2019-11-25,2019-11-24T18:30:00.000Z,2019-11-25T12:01:04.541Z,2019-11-25T12:01:04.541Z,0,882.26,25-Nov-2019
5dd7cde2e393f400086fca45,IRCTC,EQ,N,889,872.4,889,875.9,874.5,884.8,747673,658600015.55,980.9,625,23991,INE335Y01012,2019-11-22,2019-11-21T18:30:00.000Z,2019-11-22T12:00:34.036Z,2019-11-22T12:00:34.036Z,0,880.87,22-Nov-2019
5dd67c7faed06f00082c5bd8,IRCTC,EQ,N,906,880.1,898,884.8,884.25,895.7,1297118,1152407661.9,980.9,625,48007,INE335Y01012,2019-11-21,2019-11-20T18:30:00.000Z,2019-11-21T12:01:03.992Z,2019-11-21T12:01:03.992Z,0,888.44,21-Nov-2019
5dd52ae276ea300008cbe6c4,IRCTC,EQ,N,917,890,909,895.7,894.95,902.55,1264597,1142849835.2,980.9,625,38161,INE335Y01012,2019-11-20,2019-11-19T18:30:00.000Z,2019-11-20T12:00:34.662Z,2019-11-20T12:00:34.662Z,0,903.73,20-Nov-2019
5dd3d9623cf4f80008a02ccd,IRCTC,EQ,N,924,900,922.75,902.55,903.1,922.15,1104593,1004153671.4,980.9,625,35195,INE335Y01012,2019-11-19,2019-11-18T18:30:00.000Z,2019-11-19T12:00:34.779Z,2019-11-19T12:00:34.779Z,0,909.07,19-Nov-2019
5dd287e32711c60008ee297c,IRCTC,EQ,N,937.9,917.05,934.1,922.15,919.2,928.2,1144000,1060622877.45,980.9,625,32818,INE335Y01012,2019-11-18,2019-11-17T18:30:00.000Z,2019-11-18T12:00:35.325Z,2019-11-18T12:00:35.325Z,0,927.12,18-Nov-2019
5dce9380c788bb000842b481,IRCTC,EQ,N,939.8,902,920,928.2,934.5,907.3,3194038,2949354435.15,980.9,625,83968,INE335Y01012,2019-11-15,2019-11-14T18:30:00.000Z,2019-11-15T12:01:04.502Z,2019-11-15T12:01:04.502Z,0,923.39,15-Nov-2019
5dcd4200149abc00089a452a,IRCTC,EQ,N,947,897,915,907.3,907,932.05,2867396,2638398070.55,980.9,625,95866,INE335Y01012,2019-11-14,2019-11-13T18:30:00.000Z,2019-11-14T12:01:04.663Z,2019-11-14T12:01:04.663Z,0,920.14,14-Nov-2019
5dcbf07f09bcd50008069613,IRCTC,EQ,N,980.9,903.2,955,932.05,923.5,932.9,6174470,5865191807.85,980.9,625,177671,INE335Y01012,2019-11-13,2019-11-12T18:30:00.000Z,2019-11-13T12:01:03.843Z,2019-11-13T12:01:03.843Z,0,949.91,13-Nov-2019
5dc94d80f947870008360a04,IRCTC,EQ,N,943.35,884,886,932.9,943.15,876.9,5501875,5067200901.05,953.5,625,132028,INE335Y01012,2019-11-11,2019-11-10T18:30:00.000Z,2019-11-11T12:01:04.497Z,2019-11-11T12:01:04.497Z,0,921,11-Nov-2019
5dc55900149abc00089a3a5b,IRCTC,EQ,N,891,872.3,879.75,876.9,874,881.5,948769,837539298.35,953.5,625,26403,INE335Y01012,2019-11-08,2019-11-07T18:30:00.000Z,2019-11-08T12:01:04.697Z,2019-11-08T12:01:04.697Z,0,882.76,08-Nov-2019
5dc40781149abc00089a30df,IRCTC,EQ,N,892,880.1,889,881.5,880.3,884.3,775102,685995678.85,953.5,625,20351,INE335Y01012,2019-11-07,2019-11-06T18:30:00.000Z,2019-11-07T12:01:05.044Z,2019-11-07T12:01:05.044Z,0,885.04,07-Nov-2019
5dc2b6001e6b7b00089391f4,IRCTC,EQ,N,895,881,885,884.3,885,881.5,990090,878390341.3,953.5,625,25233,INE335Y01012,2019-11-06,2019-11-05T18:30:00.000Z,2019-11-06T12:01:04.651Z,2019-11-06T12:01:04.651Z,0,887.18,06-Nov-2019
5dc16480c2584d0008e75355,IRCTC,EQ,N,907,871.3,886.7,881.5,883,883.45,2038067,1814976251.05,953.5,625,53775,INE335Y01012,2019-11-05,2019-11-04T18:30:00.000Z,2019-11-05T12:01:04.956Z,2019-11-05T12:01:04.956Z,0,890.54,05-Nov-2019
5dc0130015a6300008524d45,IRCTC,EQ,N,898,880.25,895,883.45,882.5,890.5,839167,745372316.35,953.5,625,26795,INE335Y01012,2019-11-04,2019-11-03T18:30:00.000Z,2019-11-04T12:01:04.648Z,2019-11-04T12:01:04.648Z,0,888.23,04-Nov-2019
5dbc1e802febd800088c5470,IRCTC,EQ,N,907.95,883.1,885,890.5,889.8,881.7,1882230,1683501715.8,953.5,625,56969,INE335Y01012,2019-11-01,2019-10-31T18:30:00.000Z,2019-11-01T12:01:04.479Z,2019-11-01T12:01:04.479Z,0,894.42,01-Nov-2019
5dbacd01865268000831ca15,IRCTC,EQ,N,907.7,877,900,881.7,878.25,890.45,1839718,1643128138.55,953.5,625,63946,INE335Y01012,2019-10-31,2019-10-30T18:30:00.000Z,2019-10-31T12:01:05.402Z,2019-10-31T12:01:05.402Z,0,893.14,31-Oct-2019
5db97b80a6d3830008cace9d,IRCTC,EQ,N,920,880.85,881,890.45,889.3,883.1,3276203,2960604177.2,953.5,625,103348,INE335Y01012,2019-10-30,2019-10-29T18:30:00.000Z,2019-10-30T12:01:04.459Z,2019-10-30T12:01:04.459Z,0,903.67,30-Oct-2019
5db829e2dc71ec0008980c7a,IRCTC,EQ,N,907.4,878.65,907,883.1,880.9,907.7,2023748,1802451831,953.5,625,68162,INE335Y01012,2019-10-29,2019-10-28T18:30:00.000Z,2019-10-29T12:00:34.908Z,2019-10-29T12:00:34.908Z,0,890.65,29-Oct-2019
5db5b5a4f417cd000815562e,IRCTC,EQ,N,925,895,911,907.7,906.25,899.05,1342494,1221804327.15,953.5,625,38374,INE335Y01012,2019-10-27,2019-10-26T18:30:00.000Z,2019-10-27T15:20:04.939Z,2019-10-27T15:20:04.939Z,0,910.1,27-Oct-2019
5e04726f023edd000812ea9f,IRCTC,EQ,N,916,876,905,899.05,900.6,902.05,3849535,3430346843.55,953.5,625,139353,INE335Y01012,2019-10-25,2019-10-24T18:30:00.000Z,2019-12-26T08:42:23.563Z,2019-12-26T08:42:23.563Z,0,891.11,25-Oct-2019
5db19263a6cbba00087acecf,IRCTC,EQ,N,953.5,862.65,924.95,902.05,899,900.3,11871313,10871036913.7,953.5,625,340377,INE335Y01012,2019-10-24,2019-10-23T18:30:00.000Z,2019-10-24T12:00:35.638Z,2019-10-24T12:00:35.638Z,0,915.74,24-Oct-2019
5db040e371889f0008b5a1d5,IRCTC,EQ,N,909.9,866,866,900.3,908.05,844.7,9023269,8048155417.6,909.9,625,278751,INE335Y01012,2019-10-23,2019-10-22T18:30:00.000Z,2019-10-23T12:00:35.570Z,2019-10-23T12:00:35.570Z,0,891.93,23-Oct-2019
5daeef8056f65a0008f3977c,IRCTC,EQ,N,866.75,781,786.95,844.7,848,779.15,9346788,7853413584.3,866.75,625,267170,INE335Y01012,2019-10-22,2019-10-21T18:30:00.000Z,2019-10-22T12:01:04.689Z,2019-10-22T12:01:04.689Z,0,840.23,22-Oct-2019
5da9a980a6cbba00087ac401,IRCTC,EQ,N,789.9,716.05,725,779.15,778,724.3,9733230,7471290669.35,789.9,625,235191,INE335Y01012,2019-10-18,2019-10-17T18:30:00.000Z,2019-10-18T12:01:04.725Z,2019-10-18T12:01:04.725Z,0,767.61,18-Oct-2019
5da857e3a7256e0008634d06,IRCTC,EQ,N,733,687.15,700.1,724.3,729.55,700.65,5032930,3563272810.4,747.4,625,128184,INE335Y01012,2019-10-17,2019-10-16T18:30:00.000Z,2019-10-17T12:00:35.014Z,2019-10-17T12:00:35.014Z,0,707.99,17-Oct-2019
5da70662d4b5e60008a0ac9f,IRCTC,EQ,N,721,698.25,714,700.65,700,713.15,3476306,2451928383.8,747.4,625,84792,INE335Y01012,2019-10-16,2019-10-15T18:30:00.000Z,2019-10-16T12:00:34.580Z,2019-10-16T12:00:34.580Z,0,705.33,16-Oct-2019
5da5b50072c43f0008119e33,IRCTC,EQ,N,747.4,696.05,736,713.15,716.25,727.75,10530041,7571972395.1,747.4,625,247733,INE335Y01012,2019-10-15,2019-10-14T18:30:00.000Z,2019-10-15T12:01:04.805Z,2019-10-15T12:01:04.805Z,0,719.08,15-Oct-2019
5da46380ae07d1000812a42a,IRCTC,EQ,N,743.8,625,626,727.75,733,320,45270607,31368533853.45,743.8,625,872378,INE335Y01012,2019-10-14,2019-10-13T18:30:00.000Z,2019-10-14T12:01:04.136Z,2019-10-14T12:01:04.136Z,0,692.91,14-Oct-2019
